mapX,mapY,sourceX,sourceY,mapX_ref,mapY_ref,error_meter
668732.18690484,4140762.87175459,668735.856488635,4140767.29470407,668726.466666027,4140761.83990026,5.81256014471287
668417.206511806,4140750.42127964,668421.481256835,4140752.36962768,668413.818884818,4140748.20683081,4.04719658812548
668120.175351347,4140251.61517138,668124.118082438,4140252.37956882,668116.537412192,4140249.53526104,4.19054033507117
668197.779383159,4139960.89627186,668199.375882849,4139963.1113511,668190.807565906,4139960.05959138,7.02184235269788
669492.937223109,4139859.92052048,669538.838246463,4139873.81386019,669521.495951985,4139867.65744597,29.5881903976438
669948.277545217,4140221.37574572,669985.325701001,4140235.17778586,669964.213963984,4140226.71946742,16.8084741939794
667303.768153264,4139304.85252231,667312.788396432,4139308.05229683,667304.24822438,4139305.88980232,1.14298648055268
667415.557277776,4140664.46324697,667451.920463633,4140676.22645221,667447.053590727,4140675.91331855,33.513010438567
667526.343755615,4140905.41503346,667563.352601091,4140917.68383065,667558.977123965,4140917.08944098,34.6587437876377
668741.545550427,4139291.30865578,668751.034520194,4139294.13909011,668738.284455683,4139290.24079899,3.43148030189391
668721.175078109,4139100.15057849,668728.204212804,4139102.76925586,668715.157259408,4139098.97709194,6.13116731131116
669219.978476902,4138742.58161728,669233.569825986,4138746.08522904,669216.499956002,4138742.31014027,3.4890983678812
669070.985746682,4138596.04502436,669084.951481476,4138600.37600957,669068.629583762,4138596.72017045,2.45098468957485
668672.364370964,4138169.10101048,668684.187895194,4138172.60812992,668669.293066558,4138168.75444334,3.09079593825571
667559.183891096,4139182.99017553,667566.641177224,4139185.93228694,667557.624303241,4139183.23840903,1.57921947320401
668563.112838913,4140641.4652387,668567.380203625,4140643.72013165,668558.700140495,4140639.10494437,5.00428782671287
667885.874138855,4139730.71738613,667891.577808122,4139732.78454258,667883.411729055,4139730.33421557,2.49204367969364
667950.550702368,4139801.29171193,667957.855265588,4139801.02249736,667949.685581676,4139798.48140764,2.94044963386425
667596.609702922,4139713.66692867,667605.155475234,4139716.34166191,667597.508218338,4139714.45491033,1.1950920685949
668427.256291788,4139810.84007672,668434.509079448,4139811.96333718,668424.581985341,4139808.38122823,3.63288465118226
670690.49920761,4140063.43670479,670725.508291454,4140074.79646049,670695.073351282,4140064.92409313,4.80989754767076
670531.985935016,4140039.231314,670572.336533836,4140052.28236234,670543.912109351,4140042.92667779,12.4855655768883
670527.767075254,4140389.30210576,670540.083190985,4140393.78834547,670512.599698233,4140382.90349207,16.4618219779834
670436.821198529,4140240.35736517,670471.529026964,4140250.86176735,670444.708990142,4140240.87114854,7.90450693551539
669799.471682394,4139377.37951967,669847.45846372,4139391.53152683,669826.292372246,4139386.07682851,28.1956128694327
669436.56914424,4138817.32742024,669451.943941777,4138822.60785568,669433.321141088,4138818.69345283,3.52357340054332
668413.017942005,4139375.24078241,668420.848840123,4139378.2507386,668409.968045005,4139374.74967915,3.08918340774373
667692.462878444,4138832.92187044,667729.10949874,4138842.97173097,667718.975027176,4138839.54119303,27.3259851054016
666927.25839686,4141191.90361306,666933.780009142,4141195.06256885,666930.510407955,4141197.68754668,6.63547015929204
667426.780787772,4140530.46416392,667455.904712237,4140537.60030947,667450.656211294,4140537.13405601,24.7895806500848
667685.145856319,4140468.26775103,667693.567579755,4140470.56394982,667687.763058222,4140469.19501296,2.77660953279793
668184.309933121,4140253.46677548,668191.027961847,4140254.52979457,668183.200565864,4140251.48030373,2.27525069406961
668117.82808807,4140613.19448571,668122.853248919,4140614.62888122,668116.168121884,4140611.72309526,2.21821495678015
667747.423605467,4140548.57306964,667755.291624114,4140551.1340651,667749.563555601,4140549.58812543,2.36848576320024
668771.700463742,4140555.38584887,668777.912318039,4140559.10253804,668767.798480402,4140553.81786287,4.20524126349876
669376.379335669,4139871.43126369,669420.702468506,4139886.46223497,669404.419747266,4139880.54950726,29.4857092215971
669198.018232426,4139954.05652981,669235.783302826,4139966.65289916,669221.175445336,4139961.01422219,24.1798675138882
669891.282426827,4139692.54918516,669915.000758161,4139695.34536812,669893.688073032,4139688.88889133,4.38005531930767
669502.162152321,4140153.13475157,669510.505893698,4140154.98712467,669493.957587154,4140148.17426914,9.58755837325677
669972.179458553,4140149.50576393,670006.321987723,4140164.59988567,669984.859206931,4140156.33774413,14.4031931349828
667483.756603056,4138962.20155592,667493.343886683,4138961.99289027,667483.786315592,4138958.89932859,3.30236100031142
667095.940429847,4138983.82873256,667104.912451798,4138985.3923743,667095.383795457,4138982.57549158,1.37129675804859
667550.106353615,4140013.54918169,667559.747827846,4140016.23450856,667552.963693459,4140014.84738798,3.13842803612209
667464.835223343,4141147.77300149,667468.300114586,4141148.76953557,667464.695785093,4141148.73849949,0.975514944602242
668833.62185841,4141982.43348987,668839.130427606,4141987.60941709,668831.738405871,4141978.92293808,3.98388846455541
669401.835530528,4140465.48091726,669408.939484642,4140470.18449872,669393.902456954,4140462.84281546,8.36021754779812
668069.552993118,4139263.38394117,668089.777762033,4139267.95695441,668079.884522265,4139264.82069083,10.430951255179
668057.344976569,4139445.77863591,668075.611587918,4139452.1172179,668066.218828104,4139449.13323637,9.48675842085447
668423.027797423,4139986.2630346,668428.754071212,4139991.57018755,668419.274399539,4139987.9343841,4.10869867687881
667765.304547409,4139976.26319503,667771.924230327,4139978.28939932,667764.669852422,4139976.31783015,0.637042167246671
669207.277709735,4139105.55418674,669219.150696609,4139112.63497393,669202.933563696,4139108.43400397,5.21200077740119
668950.587708016,4140420.34804249,668957.582410272,4140424.39740024,668945.986112029,4140418.70675907,4.88553957048874
668177.400042766,4141255.421157,668182.996247057,4141257.16606428,668177.641960492,4141253.59347304,1.84362491592261
668782.801313779,4139810.07636129,668793.15360358,4139814.7459785,668781.305656837,4139810.37389806,1.52496485688136
669057.35745094,4140253.13356543,669062.816846555,4140258.45078917,669050.120274982,4140252.72667426,7.24860512543186
669487.877844675,4140257.86410162,669494.885157062,4140260.72749573,669478.680770784,4140253.67532391,10.1060391284511
668484.496918248,4140243.22782599,668492.122403637,4140247.95264228,668482.929664158,4140243.98593297,1.74098006201659
668938.255772785,4139467.95751321,668948.728539324,4139474.88429378,668935.161326385,4139470.57398267,4.05234635110844
667376.098135688,4140179.16288939,667383.619267013,4140182.30761364,667377.466188245,4140181.63294126,2.8236012530052
669457.762508952,4139577.04557645,669511.07505821,4139592.8935835,669493.440357881,4139587.46217551,37.167384090865
670159.842757079,4140391.27798471,670168.410833884,4140396.69748083,670145.517256461,4140387.03049633,14.941925093035
669738.188945507,4140362.0521726,669745.196382199,4140368.68134184,669726.824158594,4140360.51201002,11.4686739583659
669406.7116498,4139708.83050207,669451.37475301,4139722.60261524,669434.509414748,4139716.99374251,28.9716107700064
670261.954033118,4140360.72191261,670272.886367982,4140367.92243965,670248.710677932,4140358.03358251,13.5134590425848
